queried_at,raw_query,rewritten_query,query_type,year_min,year_max,geography,topics,retrieved_ark_ids,response,latency_ms,relevancy_score,faithfulness_score
2026-04-05T00:51:29.825729+00:00,What were some important historical events that happened in Boston in 1946?,important historical events in Boston in 1946,content_driven,1946,1946,Boston,historical events,,No relevant materials were found for your query. Try rephrasing or broadening your search.,4061,,
2026-04-05T00:55:59.230451+00:00,What were some important historical events that happened in Boston in 1946?,important historical events in Boston in 1946,content_driven,1946,1946,Boston,historical events,,No relevant materials were found for your query. Try rephrasing or broadening your search.,6386,,
2026-04-05T01:08:29.990822+00:00,What were some important historical events that happened in Boston in 1946?,important historical events in Boston in 1946,content_driven,1946,1946,Boston,historical events,,No relevant materials were found for your query. Try rephrasing or broadening your search.,3883,,
2026-04-05T01:15:56.077643+00:00,What were some important historical events that happened in Boston in 1946?,important historical events in Boston in 1946,content_driven,1946,1946,Boston,historical events,3n20bp56b|td96sv58z|mw232t719|w950cp070|kw52rx67x|nz80dm92x|7m01kc25p|3b598353k|np19b0509|zw135v697,"The retrieved documents from ""The Boston Traveler"" newspaper in June 1946 highlight significant local events and political activities in Boston during that time. Document 2 discusses the Democratic primaries, noting that former Lt.-Gov. Francis E. Kelly of Boston won the Democratic nomination, indicating a politically active period in the city. Document 3 describes the Cambridge centennial celebration, featuring maritime events on the Charles River with participation from Navy and Coast Guard units, reflecting a community-focused celebration in the Boston area. These events provide insight into the political and social landscape of Boston in 1946.",8157,,
2026-04-05T01:20:25.302796+00:00,Find photographs of Athens Greece from the 19th century,photographs of Athens Greece from the 19th century,metadata_driven,1800,1899,Athens|Greece,,,No relevant materials were found for your query. Try rephrasing or broadening your search.,3282,,
2026-04-05T01:53:15.150143+00:00,Find photographs of Athens Greece from the 19th century,photographs of Athens Greece from the 19th century,metadata_driven,1800,1899,Athens|Greece,,vd66w647r|gq67jz045|tq57nz26z|k930hm66x|fq979k96p|3r076j52p|7d279x53d|vh53x3801|4f16fk958|4q77fw06j,"The search did not retrieve any documents related to photographs of Athens, Greece, from the 19th century. The Digital Commonwealth archive may not currently hold such materials, or they may not be cataloged in a way that matched the search query. You might consider broadening your search terms or exploring other archives that specialize in international historical photographs.",5011,,
2026-04-05T01:53:54.127236+00:00,Find photographs of Athens Greece from the 19th century,photographs of Athens Greece from the 19th century,metadata_driven,1800,1899,Athens|Greece,,vd66w647r|gq67jz045|tq57nz26z|k930hm66x|fq979k96p|3r076j52p|7d279x53d|vh53x3801|4f16fk958|4q77fw06j,"The search did not retrieve any documents specifically related to photographs of Athens, Greece, from the 19th century. If you are looking for historical images of Athens from this period, you might consider broadening your search to include other archives or collections that focus on international historical photography. Additionally, exploring collections that specialize in travel photography or 19th-century European history might yield relevant results.",5174,,
2026-04-05T02:52:50.085941+00:00,Watercolor drawings,watercolor drawings,metadata_driven,,,,art|watercolor,hq383984s|rv049k11m|np19b0509|ws85j836s|pv63pq33s|zw135v697|kw52rx67x|c821q8953|9z909s29f|sj13hp692,"The search for ""watercolor drawings"" did not yield relevant results in the retrieved documents. Instead, the excerpts from The Boston Traveler newspaper from June 1946 primarily include advertisements and notices related to real estate, financial services, and household products, with no mention of watercolor drawings or related artistic content. If you are specifically looking for watercolor drawings, you might consider refining your search terms or exploring other sections of the Digital Commonwealth archive that focus on art collections or exhibitions.",11772,,
2026-04-05T02:58:23.178223+00:00,Justin H. Goodstein-Aue Collection photos,Justin H. Goodstein-Aue Collection photographs,metadata_driven,,,,,n296x886f|7m01kc25p|4168g730h|w950cp070|np19b0509|qv340k587|mw232t719|td96sv58z|63963x539|zw135v697,"The retrieved documents are excerpts from issues of ""The Boston Traveler"" newspaper from June 1946, held by the Boston Public Library. Unfortunately, these documents do not contain information or photographs related to the Justin H. Goodstein-Aue Collection. The excerpts focus on various local news stories, such as funeral announcements, economic updates, and legal proceedings, rather than photographic collections or archives. Therefore, they are not relevant to the user's query about the Justin H. Goodstein-Aue Collection photos.",4748,,
2026-04-05T04:38:12.736938+00:00,Watercolor drawings image,watercolor drawings,metadata_driven,,,,watercolor|drawings,w950cp070|4168g730h|nz80dm92x|7m01kc25p|n0103r608|td96sv58z|n2974q99c|zw135v697|3b598353k|rv049k11m,"The search for ""watercolor drawings image"" did not yield direct results related to watercolor drawings or images. Instead, the retrieved documents are excerpts from issues of ""The Boston Traveler"" newspaper from June 1946, which primarily contain advertisements and financial information. These documents do not appear to be relevant to the query about watercolor drawings. If you are looking for specific images or artworks, you might want to refine your search terms or explore other sections of the Digital Commonwealth archive that focus on visual arts collections.",7392,,
2026-04-06T21:11:25.628920+00:00,What were some important historical events that happened in Boston in 1900?,important historical events in Boston in 1900,content_driven,1900,1900,Boston,historical events,zs264h88h|ww72jh90q|63963h71r|7w62nj197|cn69tf29b|1n79qd258|kk91nv122|jq08ct38w|0z70h4843|rf565k061,"The retrieved documents from ""The Boston Traveler"" in January 1900 primarily contain legal notices, personal advertisements, and announcements of meetings, such as the annual meeting of the Boston Merchants' Association. These documents do not provide information on significant historical events in Boston during 1900 but rather offer a glimpse into the everyday administrative and social activities of the time. While they do not directly address the query about important historical events, they reflect the routine civic and business operations occurring in Boston at the start of the 20th century.",14224,,
2026-04-06T21:12:06.307024+00:00,watercolor paintings,watercolor paintings,metadata_driven,,,,art|watercolor,pv63p934k|95942572r|pk02kj35g|0v83g9538|4x51qw48t|s465cr84v|90200b47g|4q77p180v|02877506t|dj533g71t,"The search for ""watercolor paintings"" did not yield any relevant results in the retrieved documents from The Boston Traveler, dated April to August 1900. The excerpts primarily contain advertisements and notices related to picture framing, real estate, and personal services, but do not mention watercolor paintings or related artistic content. These materials are not directly relevant to the query about watercolor paintings.",9434,,
2026-04-06T21:14:14.460802+00:00,English caricaturists,English caricaturists,content_driven,,,England,caricature|art|artists,kk91nv122|f4758s076|s178bz06v|8623r471w|9c683v75j|rf565k061|w663bd45w|nv93cb48v|1257j347x|ht253v19g,"The search for ""English caricaturists"" did not yield direct results related to caricaturists in the retrieved documents from The Boston Traveler, dated January and February 1900. Instead, the excerpts primarily discuss various advertisements and announcements for employment, theater performances, and other services in Boston. There is no mention of English caricaturists or related artistic content in these documents. If you are looking for specific information on English caricaturists, you might consider refining your search terms or exploring other collections within the Digital Commonwealth archive.",12426,,
2026-04-06T21:16:27.695846+00:00,George Bellows,George Bellows,metadata_driven,,,,George Bellows,3t94d0590|5x221s53g|1544k042s|s465cr84v|8910s546m|qv340527r|kw52rh47z|k069gj42p|xp68sq45p|j9608951h,"The search for ""George Bellows"" did not yield any relevant results in the retrieved documents. The excerpts from the Boston Traveler newspaper from various dates in 1900 contain advertisements, travel schedules, and miscellaneous news items, but none mention George Bellows, the American realist painter known for his depictions of urban life and boxing matches. If you are looking for information on George Bellows, you may want to refine your search or explore other collections within the Digital Commonwealth archive.",10884,,
2026-04-06T21:39:56.188997+00:00,Find photographs of Greece,photographs of Greece,metadata_driven,,,Greece,,cj82sh140|8910s540z|95942572r|qb98tn81q|gq67s162p|w663bd554|qn59xf96z|69705792k|f1887w05d|7s75mn35c,"The search did not retrieve any photographs of Greece. Instead, the documents are excerpts from ""The Boston Traveler"" newspaper from the year 1900, containing various advertisements and articles unrelated to Greece or photographs. These materials are not relevant to the user's query about photographs of Greece.",12658,,
2026-04-06T21:43:15.461981+00:00,Show me circus posters from Boston Public Library,circus posters,metadata_driven,,,Boston,circus,vx027s20f|v9802958x|dn404851z|bk12gm86m|v118zq565|5712tf766|bk12gm85b|h989zb33n|rb694n47t|cf95rn65f,"The search for circus posters from the Boston Public Library did not yield any direct results related to circus posters. Instead, the retrieved documents are excerpts from ""The Boston Traveler"" newspaper from December 1900, which include various advertisements and notices unrelated to circus posters. These materials are not relevant to the query as they do not pertain to circus-related content or visual materials like posters.",10499,,
2026-04-06T21:49:39.139192+00:00,Find photographs of Greece,photographs of Greece,metadata_driven,,,Greece,,xw42nv103|7d279x53d|mp48vj12x|vh53x3801|vd66w647r|tq57nz26z|vd66w1170|kh04n017m|4f16fk958|v405sp38v,"The search did not return any photographs of Greece from the Boston Public Library's Digital Commonwealth archive. If you are looking for images of Greece, you might consider refining your search terms or exploring other collections within the archive that might contain international photographs.",7567,,
2026-04-06T21:51:21.625128+00:00,Show me circus posters from Boston Public Library,circus posters,metadata_driven,,,Boston,circus,vd66vz88c|4j03d9092|ft848t24d|w0892d586|vd66w1170|9880w763w|8k71p037d|2z111h596|db78tm853|6h443c82g,"The search did not return specific circus posters from the Boston Public Library's collection. If you are interested in circus posters, you might consider refining your search terms or exploring the Digital Commonwealth archive directly for more targeted results. The archive may contain a variety of historical materials, including posters, that could be relevant to your interests.",12190,,
2026-04-06T21:52:34.949444+00:00,What were some important historical events that happened in Boston in 1900?,important historical events in Boston in 1900,content_driven,1900,1900,Boston,historical events,zs264h88h|ww72jh90q|63963h71r|7w62nj197|cn69tf29b|1n79qd258|kk91nv122|jq08ct38w|0z70h4843|rf565k061,"The retrieved documents from ""The Boston Traveler"" in January 1900 primarily contain notices related to estate administration, legal proceedings, and organizational meetings, such as the annual meeting of the Boston Merchants' Association. While these documents do not directly highlight major historical events in Boston during 1900, they provide a glimpse into the everyday administrative and civic activities occurring in the city at the time. This context can be valuable for understanding the social and economic environment of Boston at the turn of the century.",8959,,
2026-04-06T23:16:52.293539+00:00,Victorian era correspondence and manuscripts,Victorian era correspondence and manuscripts,metadata_driven,1837,1901,,Victorian era,h989vc543|5712np373|6t054371t|p841b548q|cz30q048d|wh247f69h|7d279x53d|mp48vn17x|5138js20n|2z111h596,"The search retrieved documents related to Victorian-era correspondence and manuscripts, which are relevant to your query. These materials likely include letters, diaries, and other written records from the 19th century, providing insights into the social, cultural, and personal aspects of life during the Victorian era. Such documents are invaluable for understanding the historical context and everyday experiences of individuals from that period.",22004,,
2026-04-06T23:17:43.474989+00:00,What were some important historical events that happened in Boston in 1900?,important historical events in Boston in 1900,content_driven,1900,1900,Boston,historical events,zs264h88h|ww72jh90q|63963h71r|7w62nj197|cn69tf29b|1n79qd258|kk91nv122|jq08ct38w|0z70h4843|rf565k061,"The retrieved documents from ""The Boston Traveler"" in January 1900 primarily contain legal notices and announcements related to estate administration and meetings, such as the annual meeting of the Boston Merchants' Association. While these documents do not directly highlight major historical events in Boston during 1900, they provide a glimpse into the administrative and civic activities of the time, reflecting the city's legal and business environment at the start of the 20th century.",10212,,
2026-04-06T23:20:49.770700+00:00,How to make pizza?,instructions for making pizza,content_driven,,,,cooking|recipes,f4758s076|m326tc14m|zs264h88h|sj13h8158|kk91nv122|cn69tf29b|p554fw737|n0103b388|1j92pg604|rn307b31n,"The retrieved documents from ""The Boston Traveler"" newspaper, dated January and April 1900, do not contain information on how to make pizza. Instead, they primarily consist of classified ads for employment opportunities, including positions for housekeepers, cooks, and other domestic roles. These documents are not relevant to the query about making pizza, as they do not provide any recipes or culinary instructions.",12675,,
2026-04-06T23:30:44.013881+00:00,Victorian era correspondence,Victorian era correspondence,metadata_driven,1837,1901,,Victorian era,5712np373|h989vc543|6t054371t|cz30q048d|wh247f69h|44558j44c|vd66w1170|qb98nm50n|2z111h596|mp48vn17x,"The retrieved documents did not contain specific information or excerpts related to Victorian era correspondence. If you are interested in exploring this topic further, you might consider searching for collections that include letters, diaries, or personal papers from the 19th century, particularly those from the late 1830s to the early 1900s, which would encompass the Victorian era. These types of documents could provide valuable insights into the communication styles and social norms of that period.",11803,,
2026-04-06T23:31:01.688903+00:00,Boston Traveler newspaper 1900,Boston Traveler newspaper 1900,metadata_driven,1900,1900,Boston,,mk61zt94m|k069gj472|zs264h88h|hm512450s|34855r786|vx027s11g|ns06bh058|1n79qd258|4j03m932w|m326tc14m,"The search results provide several excerpts from the Boston Traveler newspaper, all from January 1900. These documents include classified ads for jobs, legal notices related to probate court proceedings, and advertisements for educational opportunities and machinery sales. These materials are relevant to the query as they offer a glimpse into the daily life, employment opportunities, and legal matters of Boston at the beginning of the 20th century, as reported by the Boston Traveler newspaper.",6155,,
2026-04-06T23:31:08.558976+00:00,What happened in Boston in 1900?,events in Boston in 1900,content_driven,1900,1900,Boston,events,zs264h88h|ww72jh90q|63963h71r|7w62nj197|fb49bk45c|0z70h4843|kk91nv122|1n79qd258|cn69tf29b|8c97t154k,"The retrieved documents from ""The Boston Traveler"" provide a glimpse into daily life and events in Boston during January 1900. They include various personal and business notices, such as job advertisements for positions like nurses and engineers, announcements of estate administrations, and details about the annual meeting of the Boston Merchants' Association. These documents highlight the social and economic activities taking place in Boston at the start of the 20th century, offering insights into the community's employment opportunities, business affairs, and legal proceedings during that period.",4690,,
2026-04-06T23:33:54.472693+00:00,What happened in Boston in 1900?,events in Boston in 1900,content_driven,1900,1900,Boston,events,zs264h88h|ww72jh90q|63963h71r|7w62nj197|fb49bk45c|0z70h4843|kk91nv122|1n79qd258|cn69tf29b|8c97t154k,"The retrieved documents from ""The Boston Traveler"" newspaper in January 1900 provide a glimpse into daily life and events in Boston at the turn of the century. They include advertisements for employment, notices of estate administration, and announcements of meetings, such as the annual meeting of the Boston Merchants' Association. These materials are relevant as they reflect the economic and social activities occurring in Boston during this period, offering insights into the city's commercial and community dynamics at the start of the 20th century.",10645,,
2026-04-06T23:34:30.981631+00:00,Victorian era correspondence,Victorian era correspondence,metadata_driven,1837,1901,,Victorian era|correspondence,5712np373|h989vc543|6t054371t|cz30q048d|wh247f69h|44558j44c|vd66w1170|qb98nm50n|2z111h596|mp48vn17x,"The search did not return any specific documents related to Victorian era correspondence. If you are looking for letters or communications from the Victorian period, you might consider refining your search with specific names, locations, or events from that era to locate relevant materials in the Digital Commonwealth archive.",3698,,
2026-04-06T23:37:40.700284+00:00,What happened in Boston in 1900?,events in Boston in 1900,content_driven,1900,1900,Boston,events,zs264h88h|ww72jh90q|63963h71r|7w62nj197|fb49bk45c|0z70h4843|kk91nv122|1n79qd258|cn69tf29b|8c97t154k,"The retrieved documents from ""The Boston Traveler"" provide a glimpse into life in Boston in January 1900. They include various notices and advertisements, such as job postings for positions like an experienced nurse or engineer, and announcements related to estate administration and local meetings, such as the annual meeting of the Boston Merchants' Association. These documents offer insight into the economic and social activities occurring in Boston at the start of the 20th century, reflecting the city's daily life and business affairs during that period.",4520,,
2026-04-06T23:39:47.176468+00:00,Show me circus posters,circus posters,metadata_driven,,,,circus,vd66vz88c|4j03d9092|ft848t24d|w0892d586|vd66w1170|9880w763w|8k71p037d|2z111h596|db78tm853|6h443c82g,"The search results did not return any specific circus posters or related materials from the Digital Commonwealth archive. If you are interested in circus posters, you might consider refining your search terms or exploring specific collections within the archive that focus on entertainment or visual arts from Massachusetts institutions. This approach could yield more targeted results related to circus history and promotional materials.",10222,,
2026-04-06T23:40:19.982029+00:00,Victorian era correspondence,Victorian era correspondence,metadata_driven,1837,1901,,Victorian era|correspondence,5712np373|h989vc543|6t054371t|cz30q048d|wh247f69h|44558j44c|vd66w1170|qb98nm50n|2z111h596|mp48vn17x,"The search retrieved documents related to correspondence from the Victorian era, which is typically defined as the period of Queen Victoria's reign from 1837 to 1901. These materials are relevant to the query as they provide insight into the communication styles, social norms, and daily life of individuals during this time. Such documents can offer valuable perspectives for researchers interested in the historical context of the Victorian era, including its cultural, social, and technological aspects.",3956,,
2026-04-06T23:40:36.470495+00:00,watercolor paintings,watercolor paintings,metadata_driven,,,,art|watercolor,kh04n017m|9s161k40g|ft848t24d|g732dv55c|9880w763w|8k71p037d|5t34tr50k|fb495386v|4j03d9092|mp48vj12x,"The search results did not provide specific documents or excerpts related to watercolor paintings. Therefore, it is unclear what specific materials or collections related to watercolor paintings are available in the Digital Commonwealth archive based on this query. If you have specific details or a narrower focus, such as a particular artist or time period, refining the search might yield more relevant results.",3572,,
2026-04-06T23:40:36.998936+00:00,Victorian era correspondence,Victorian era correspondence,metadata_driven,1837,1901,,Victorian era,5712np373|h989vc543|6t054371t|cz30q048d|wh247f69h|44558j44c|vd66w1170|qb98nm50n|2z111h596|mp48vn17x,"The search did not return any specific documents or excerpts related to Victorian era correspondence. Without the details of retrieved documents, it's not possible to provide an explanation of their relevance to the query. If you have access to specific documents or need assistance with another query, please let me know!",4338,,
2026-04-07T01:06:31.482707+00:00,how to make pizza,pizza making instructions,content_driven,,,,cooking|recipes,f4758s076|zs264h88h|cn69tf29b|m326tc14m|kk91nv122|63963h71r|n0103b388|8p58wp00w|sj13h8158|p554fw737,"The retrieved documents from ""The Boston Traveler"" newspaper, dated January 1900, do not contain information relevant to the query about how to make pizza. Instead, they primarily consist of classified advertisements and notices for employment opportunities, personal services, and various sales. Unfortunately, these documents do not provide any historical recipes or culinary instructions related to pizza-making.",25439,,
2026-04-07T01:11:28.833183+00:00,how to make pizza,pizza making instructions,content_driven,,,,cooking|recipes,f4758s076|zs264h88h|cn69tf29b|m326tc14m|kk91nv122|63963h71r|n0103b388|8p58wp00w|sj13h8158|p554fw737,"The search for ""how to make pizza"" did not yield relevant results in the retrieved documents. Instead, the documents from ""The Boston Traveler"" newspaper from January 1900 primarily contain classified ads and job listings, such as positions for cooks, housekeepers, and nurses, as well as advertisements for phonographs and other goods. These materials do not provide information on pizza-making or related culinary topics.",8564,,
2026-04-07T01:11:31.687148+00:00,order me pizza,order pizza,content_driven,,,,,63963h71r|qr46zc67z|zs264h88h|cn69tf29b|4742hj86s|f4758s076|zc781274x|n0103b388|zc7812756|dj533g71t,"The retrieved documents from ""The Boston Traveler"" newspaper, dated January and February 1900, do not contain information relevant to ordering pizza. Instead, they primarily include classified ads and notices about job seekers, such as cooks and general workers, as well as advertisements for services and goods. These materials are historical records from the early 20th century and do not relate to modern-day food delivery services.",11237,,
2026-04-07T01:18:41.706691+00:00,order me pizza,order pizza,content_driven,,,,,,No relevant materials were found for your query in the Digital Commonwealth collection. Try rephrasing or using a more specific historical topic.,9829,,
2026-04-07T01:18:41.751630+00:00,order me lasagna,order lasagna,content_driven,,,,,,No relevant materials were found for your query in the Digital Commonwealth collection. Try rephrasing or using a more specific historical topic.,9693,,
2026-04-07T01:19:03.129034+00:00,Victorian era correspondence,Victorian era correspondence,metadata_driven,1837,1901,,Victorian era,5712np373|h989vc543|6t054371t|cz30q048d|wh247f69h|44558j44c|vd66w1170|qb98nm50n|2z111h596|mp48vn17x,"The search retrieved documents related to correspondence from the Victorian era, which is the period during Queen Victoria's reign from 1837 to 1901. These materials are relevant as they provide insights into the communication practices, social norms, and personal relationships of the time. Victorian correspondence often reflects the cultural and historical context of the 19th century, making it valuable for researchers interested in understanding the nuances of that era.",5185,,
2026-04-07T01:19:18.329855+00:00,Show me circus posters,circus posters,metadata_driven,,,,circus,vd66vz88c|4j03d9092|ft848t24d|w0892d586|vd66w1170|9880w763w|8k71p037d|2z111h596|db78tm853|6h443c82g,"The search retrieved a collection of circus posters, which are relevant to your query as they provide visual and historical insights into the advertising and promotion of circus events. These posters often feature vibrant artwork and typography, capturing the excitement and allure of the circus. They serve as valuable resources for understanding the cultural and entertainment history associated with circuses.",4220,,
2026-04-07T01:21:31.477006+00:00,what is the capital of france,capital of France,content_driven,,,France,capital cities,,No relevant materials were found for your query in the Digital Commonwealth collection. Try rephrasing or using a more specific historical topic.,7434,,
2026-04-07T01:21:45.873227+00:00,Find photographs of Greece,photographs of Greece,metadata_driven,,,Greece,,xw42nv103|7d279x53d|mp48vj12x|vh53x3801|vd66w647r|tq57nz26z|vd66w1170|kh04n017m|4f16fk958|v405sp38v,"The search did not retrieve any photographs of Greece from the Boston Public Library's Digital Commonwealth archive. If you are specifically looking for images related to Greece, you might consider refining your search terms or exploring other collections within the archive that might contain travel photography or historical images related to Greece.",6007,,
2026-04-07T01:24:52.964238+00:00,Women's suffrage documents,documents on women's suffrage,metadata_driven,,,,women's suffrage,mp48vn17x|6h443c82g|h989vc543|p841b548q|ft848t24d|6t054371t|vd66w1170|vd66vz88c|8k71p037d|kh04mv594,"The search did not retrieve any specific documents or excerpts related to women's suffrage. Therefore, it is not possible to provide an explanation of relevant materials from the Digital Commonwealth archive. You may want to refine your search terms or explore different collections within the archive to find documents related to the women's suffrage movement in Massachusetts.",7187,,
2026-04-07T01:37:47.207861+00:00,Women's suffrage documents,Women's suffrage documents,metadata_driven,,,,women's suffrage,h989vc543|4168b346w|2z111h596|08612s53f|1n79hc77s|5t34tr50k|mp48wd153|xd07hd55c|mp48vn17x|5712np373,"The search retrieved documents related to women's suffrage, which would include historical materials such as newspapers, photographs, or manuscripts that capture the efforts and events surrounding the women's suffrage movement in Massachusetts. These materials are relevant as they provide primary sources that document the struggle for women's voting rights, offering insights into the social and political climate of the time, the key figures involved, and the impact of the movement on local and national levels. Access to such documents is crucial for understanding the historical context and significance of the suffrage movement.",8803,,
2026-04-07T01:46:17.815028+00:00,Women's suffrage documents,documents about women's suffrage,content_driven,,,,women's suffrage,,No relevant materials were found for your query in the Digital Commonwealth collection. Try rephrasing or using a more specific historical topic.,6579,,
2026-04-07T01:46:25.604947+00:00,Women's suffrage documents,documents about women's suffrage,content_driven,,,,women's suffrage,,No relevant materials were found for your query in the Digital Commonwealth collection. Try rephrasing or using a more specific historical topic.,3281,,
2026-04-07T01:46:31.996522+00:00,Show me circus posters,circus posters,metadata_driven,,,,circus,vd66vz88c|ft848t24d|vd66w1170|4j03d9092|2z111h596|9880w763w|w0892d586|3j333b93h|gq67jz045|0p096w19r,"The search retrieved a collection specifically titled ""Circus Posters"" from the Boston Public Library, which appears to be directly relevant to your query [1]. This collection-level record suggests that there are materials related to circus posters available, although no specific details or text excerpts are provided. If you are looking for more detailed information or specific posters, you might consider exploring this collection further through the Boston Public Library's resources. Other retrieved documents do not pertain to circus posters and focus on different themes such as war posters, travel posters, and art posters [2][3][7].",4065,,
2026-04-07T01:47:12.642400+00:00,Women's suffrage documents,documents about women's suffrage,content_driven,,,,women's suffrage,,No relevant materials were found for your query in the Digital Commonwealth collection. Try rephrasing or using a more specific historical topic.,2945,,
2026-04-07T01:47:19.956764+00:00,What happened in Boston in 1900?,events in Boston in 1900,content_driven,1900,1900,Boston,events,,No relevant materials were found for your query in the Digital Commonwealth collection. Try rephrasing or using a more specific historical topic.,2621,,
2026-04-07T01:47:27.289602+00:00,Find photographs of Greece,photographs of Greece,metadata_driven,,,Greece,,nc5837000|7d279x53d|vh53x3801|h702qf644|tq57nz26z|vd66w647r|7w62g349d|zw131p10t|vd66w1170|2j62s484w,"The retrieved documents do not specifically mention photographs of Greece. They include various collections such as the Nicholas Catsimpoolas Collection [1], Tupper Scrapbook Collection [2], and others, but none provide details indicating they contain photographs of Greece. To find relevant materials, you might consider refining the search to include specific terms related to Greek locations or photographers known for capturing images of Greece.",3912,,
2026-04-07T01:47:57.977111+00:00,Women's suffrage documents,documents about women's suffrage,content_driven,,,,women's suffrage,,No relevant materials were found for your query in the Digital Commonwealth collection. Try rephrasing or using a more specific historical topic.,3006,,
2026-04-07T01:49:59.329654+00:00,Show me circus posters,circus posters,metadata_driven,,,,circus,vd66vz88c|ft848t24d|vd66w1170|4j03d9092|2z111h596|9880w763w|w0892d586|3j333b93h|gq67jz045|0p096w19r,"The search retrieved a collection specifically titled ""Circus Posters"" from the Boston Public Library, which appears to be directly relevant to your query [1]. However, no additional details or text excerpts are provided for this collection. If you are looking for more specific information or images, you might consider refining your search or exploring the collection further through the Boston Public Library's Digital Commonwealth archive.",7757,,
2026-04-07T01:51:15.413717+00:00,Show me circus posters,circus posters,metadata_driven,,,,circus,vd66vz88c|ft848t24d|vd66w1170|4j03d9092|2z111h596|9880w763w|w0892d586|3j333b93h|gq67jz045|0p096w19r,"The search retrieved a collection specifically titled ""Circus Posters"" from the Boston Public Library, which appears to be directly relevant to your query [1]. However, no detailed text excerpt is available for this collection. If you are looking for specific images or more detailed descriptions, you might consider visiting the Boston Public Library's Digital Commonwealth archive directly to explore this collection further. Other collections retrieved, such as ""War Posters"" and ""Travel Posters,"" do not pertain to circus posters [2][3].",19624,,
2026-04-07T01:52:17.457031+00:00,Show me circus posters,circus posters,metadata_driven,,,,circus,vd66vz88c|ft848t24d|vd66w1170|4j03d9092|2z111h596|9880w763w|w0892d586|3j333b93h|gq67jz045|0p096w19r,"The search retrieved a collection specifically titled ""Circus Posters"" from the Boston Public Library, which appears to be directly relevant to your query [1]. However, no detailed text excerpt is available to provide further specifics about the contents of this collection. If you are interested in exploring this collection further, you may want to access it directly through the Boston Public Library's Digital Commonwealth archive. Other retrieved documents focus on different types of posters and visual materials, such as war posters, travel posters, and magic posters, but they do not pertain to circus themes [2][3][4].",7234,,
2026-04-07T02:09:58.624777+00:00,Women's suffrage documents,Women's suffrage documents,metadata_driven,,,,women's suffrage,h989vc543|4168b346w|2z111h596|08612s53f|1n79hc77s|5t34tr50k|mp48wd153|xd07hd55c|mp48vn17x|5712np373,"The retrieved documents do not specifically focus on women's suffrage. However, the Victoria Woodhull Martin Papers [1] and the Margaret Fuller Papers [9] may contain relevant materials, as both women were prominent figures in advocating for women's rights during their lifetimes. Additionally, the Thomas Wentworth Higginson Correspondence [10] might offer insights, given Higginson's involvement in social reform movements, including women's rights. To find more specific documents on women's suffrage, consider refining the search with more targeted keywords.",5166,,
2026-04-08T23:08:11.799578+00:00,What happened in Boston in 1900?,events in Boston in 1900,content_driven,1900,1900,Boston,events,,No relevant materials were found for your query in the Digital Commonwealth collection. Try rephrasing or using a more specific historical topic.,37772,,
2026-04-08T23:08:35.405429+00:00,What happened in Boston in 1900?,events in Boston in 1900,content_driven,1900,1900,Boston,events,,No relevant materials were found for your query in the Digital Commonwealth collection. Try rephrasing or using a more specific historical topic.,3254,,
2026-04-08T23:09:06.001553+00:00,Women's suffrage documents,Women's suffrage documents,metadata_driven,,,,women's suffrage,h989vc543|4168b346w|2z111h596|08612s53f|1n79hc77s|5t34tr50k|mp48wd153|xd07hd55c|mp48vn17x|5712np373,"The retrieved documents do not directly address women's suffrage. However, the Victoria Woodhull Martin Papers [1] and the Margaret Fuller Papers [9] may contain relevant materials, as both women were prominent figures in advocating for women's rights during their respective eras. Victoria Woodhull was a notable suffragist, and Margaret Fuller was an early feminist and advocate for women's education and rights. Exploring these collections could provide valuable insights into the women's suffrage movement. It may be beneficial to refine the search for more specific suffrage-related documents.",5554,,
2026-04-08T23:17:13.815022+00:00,What happened in Boston in 1900?,events in Boston in 1900,content_driven,1900,1900,Boston,events,,No relevant materials were found for your query in the Digital Commonwealth collection. Try rephrasing or using a more specific historical topic.,7901,,
2026-04-08T23:17:25.797858+00:00,Women's suffrage documents,Women's suffrage documents,metadata_driven,,,,women's suffrage,h989vc543|4168b346w|2z111h596|08612s53f|1n79hc77s|5t34tr50k|mp48wd153|xd07hd55c|mp48vn17x|5712np373,"The retrieved documents do not directly address women's suffrage. However, the Victoria Woodhull Martin Papers [1] and the Margaret Fuller Papers [9] could potentially contain relevant materials, as both figures were prominent in advocating for women's rights. Victoria Woodhull was a well-known suffragist, and Margaret Fuller was an early feminist and advocate for women's education and rights. To find more specific documents on women's suffrage, consider refining the search to focus on key events or figures in the suffrage movement.",4820,,
2026-04-08T23:17:59.435351+00:00,Women's suffrage documents,documents about women's suffrage,content_driven,,,,women's suffrage,,No relevant materials were found for your query in the Digital Commonwealth collection. Try rephrasing or using a more specific historical topic.,2164,,
2026-04-08T23:18:00.375183+00:00,what happened in boston in 1900,events in Boston in 1900,content_driven,1900,1900,Boston,events,,No relevant materials were found for your query in the Digital Commonwealth collection. Try rephrasing or using a more specific historical topic.,2884,,
2026-04-08T23:18:09.167540+00:00,what happened in boston in 1900,events in Boston in 1900,content_driven,1900,1900,Boston,events,,No relevant materials were found for your query in the Digital Commonwealth collection. Try rephrasing or using a more specific historical topic.,2278,,
2026-04-08T23:18:24.744053+00:00,Boston Traveler newspaper 1900,Boston Traveler newspaper 1900,metadata_driven,1900,1900,Boston,,mk61zt94m|k069gj472|s178bz06v|34855r786|m326tc14m|ns06bh058|4j03m932w|jh34b3119|hx124r353|qf85vk18d,"Several issues of the Boston Traveler newspaper from the year 1900 are available in the collection [1][2][4][6][7][9][10]. Specific excerpts from January 1900 issues include legal notices and advertisements, such as a citation notice for public notice requirements [3][8] and an advertisement for shorthand and typewriting instruction at the Boston Commercial College [5]. These documents provide a glimpse into the types of content published in the Boston Traveler during that year.",9052,,
2026-04-08T23:20:17.264939+00:00,what happened in boston in the 1900s,events in Boston in the 1900s,content_driven,1900,1999,Boston,events|history,,No relevant materials were found for your query in the Digital Commonwealth collection. Try rephrasing or using a more specific historical topic.,2735,,
2026-04-08T23:20:19.703434+00:00,Boston Traveler newspaper 1900,Boston Traveler newspaper 1900,metadata_driven,1900,1900,Boston,,mk61zt94m|k069gj472|s178bz06v|34855r786|m326tc14m|ns06bh058|4j03m932w|jh34b3119|hx124r353|qf85vk18d,"Several issues of the Boston Traveler newspaper from the year 1900 are available in the collection [1][2][4][6][7][9][10]. Specific excerpts from January 1900 issues include advertisements and public notices, such as a shorthand and typewriting course offered at the Boston Commercial College [5], and legal notices requiring publication in the newspaper [3][8]. These documents provide a glimpse into the content and advertisements typical of the Boston Traveler during that year.",5388,,
2026-04-08T23:24:20.031582+00:00,what happened in boston in the 1900s,events in Boston in the 1900s,content_driven,1900,1999,Boston,events|history,,No relevant materials were found for your query in the Digital Commonwealth collection. Try rephrasing or using a more specific historical topic.,2790,,
2026-04-08T23:28:33.833262+00:00,can you tell me about fire incidents,fire incidents,content_driven,,,,fire incidents,,No relevant materials were found for your query in the Digital Commonwealth collection. Try rephrasing or using a more specific historical topic.,2686,,
2026-04-08T23:28:33.848835+00:00,what happened in boston in the 1900s,events in Boston in the 1900s,content_driven,1900,1999,Boston,events|history,,No relevant materials were found for your query in the Digital Commonwealth collection. Try rephrasing or using a more specific historical topic.,2918,,
2026-04-08T23:28:50.004581+00:00,can you tell me about fire incidents,fire incidents,content_driven,,,,fire incidents,,No relevant materials were found for your query in the Digital Commonwealth collection. Try rephrasing or using a more specific historical topic.,2510,,
2026-04-08T23:28:50.020260+00:00,can you tell me about fire incidents that happened in boston,fire incidents in Boston,content_driven,,,Boston,fire incidents,,No relevant materials were found for your query in the Digital Commonwealth collection. Try rephrasing or using a more specific historical topic.,2291,,
2026-04-08T23:31:49.613126+00:00,What happened in Boston in 1900?,events in Boston in 1900,content_driven,1900,1900,Boston,events,,No relevant materials were found for your query in the Digital Commonwealth collection. Try rephrasing or using a more specific historical topic.,2770,,
2026-04-08T23:40:17.107229+00:00,What happened in Boston in 1900?,events in Boston in 1900,content_driven,1900,1900,Boston,events,zs264h88h|ww72jh90q|7w62nj197|kk91nv122|63963h71r|0z70h4843|fb49bk45c|8c97t154k|cn69tf29b|jq08ct38w,"The retrieved documents from the Boston Traveler in January 1900 primarily contain advertisements, personal notices, and business announcements, with no significant historical events or news stories highlighted. For example, there are notices about estate settlements [2], business meetings such as the annual meeting of the Boston Merchants' Association [5], and advertisements for business partnerships [8]. These documents do not provide detailed information about major events in Boston in 1900. To find more relevant historical events, consider refining the search to include specific types of news articles or broader sources.",8757,,
2026-04-08T23:40:37.453713+00:00,Fire incidents in boston,fire incidents in Boston,content_driven,,,Boston,fire incidents,zs264h88h|bk12gm710|q524s033b|n0103b388|vt156t44c|dn4048438|1n79qd258|qr46zc67z|7w62nj197|sj13h8140,"The retrieved documents do not contain relevant information about fire incidents in Boston. The only mention of a fire is related to a significant fire in Portland, Maine, which is not pertinent to the query about Boston fire incidents [1]. To find more relevant materials, consider refining the search to specify particular time periods or notable fire events in Boston's history.",3012,,
2026-04-08T23:40:38.418763+00:00,What happened in Boston in 1900?,events in Boston in 1900,content_driven,1900,1900,Boston,events,zs264h88h|ww72jh90q|7w62nj197|kk91nv122|63963h71r|0z70h4843|fb49bk45c|8c97t154k|cn69tf29b|jq08ct38w,"The retrieved documents from ""The Boston Traveler"" in January 1900 primarily contain advertisements, personal notices, and announcements of meetings and business opportunities, rather than detailed news events or significant occurrences in Boston during that time [1][4][5][8]. For instance, there is mention of the annual meeting of the Boston Merchants' Association [5] and various personal and business advertisements [1][4][8]. However, these documents do not provide substantial information about major historical events or developments in Boston in 1900. To gain a better understanding of significant events in Boston during that year, it may be helpful to refine the search to include more specific topics or types of documents, such as news articles or government records.",4187,,
2026-04-08T23:40:59.812218+00:00,Women's suffrage documents,Women's suffrage documents,metadata_driven,,,,women's suffrage,h989vc543|4168b346w|2z111h596|08612s53f|1n79hc77s|5t34tr50k|mp48wd153|xd07hd55c|mp48vn17x|5712np373,"The retrieved documents do not directly address women's suffrage, but some collections may hold relevant materials. The Victoria Woodhull Martin Papers [1] could potentially include information on women's rights, as Woodhull was a notable suffragist. Similarly, the Margaret Fuller Papers [9] might contain relevant content, given Fuller's involvement in women's rights advocacy. However, without specific excerpts, it's unclear how directly these collections pertain to suffrage. It may be beneficial to refine the search to locate documents explicitly focused on women's suffrage.",3711,,
2026-04-08T23:41:17.190022+00:00,Women's suffrage documents,Women's suffrage documents,metadata_driven,,,,women's suffrage,h989vc543|4168b346w|2z111h596|08612s53f|1n79hc77s|5t34tr50k|mp48wd153|xd07hd55c|mp48vn17x|5712np373,"The retrieved documents do not directly address women's suffrage. However, some collections may hold related materials. The Victoria Woodhull Martin Papers [1] could potentially include relevant content, as Woodhull was a notable suffragist. Similarly, the Margaret Fuller Papers [9] might contain pertinent information, given Fuller's role in advocating for women's rights. For more specific documents on women's suffrage, consider refining the search to focus on collections explicitly related to the suffrage movement.",3785,,
2026-04-08T23:41:30.343535+00:00,Fire incidents in boston,fire incidents in Boston,content_driven,,,Boston,fire incidents,zs264h88h|bk12gm710|q524s033b|n0103b388|vt156t44c|dn4048438|1n79qd258|qr46zc67z|7w62nj197|sj13h8140,"The retrieved documents do not contain relevant information about fire incidents in Boston. The only mention of a fire is in Portland, Maine, which is not related to Boston [1]. To find information specifically about fire incidents in Boston, consider refining the search terms or specifying a particular time period or event.",3320,,
2026-04-08T23:41:31.128496+00:00,Women's suffrage documents,Women's suffrage documents,metadata_driven,,,,women's suffrage,h989vc543|4168b346w|2z111h596|08612s53f|1n79hc77s|5t34tr50k|mp48wd153|xd07hd55c|mp48vn17x|5712np373,"The retrieved documents do not directly address women's suffrage. However, the Victoria Woodhull Martin Papers [1] and the Margaret Fuller Papers [9] may contain relevant materials, as both women were prominent figures in advocating for women's rights. Victoria Woodhull was a well-known suffragist, and Margaret Fuller was an early feminist and advocate for women's education and rights. These collections could potentially provide insights into the women's suffrage movement. To find more specific documents, consider refining the search to include terms like ""suffrage,"" ""voting rights,"" or specific events and figures related to the suffrage movement.",4325,,
2026-04-08T23:41:49.324408+00:00,Women's suffrage documents,Women's suffrage documents,metadata_driven,,,,women's suffrage,h989vc543|4168b346w|2z111h596|08612s53f|1n79hc77s|5t34tr50k|mp48wd153|xd07hd55c|mp48vn17x|5712np373,"The retrieved documents do not directly address women's suffrage. However, the Victoria Woodhull Martin Papers [1] and the Margaret Fuller Papers [9] may contain relevant materials, as both individuals were prominent figures in advocating for women's rights. Additionally, the Thomas Wentworth Higginson Correspondence [10] might provide insights, given Higginson's involvement in social reform movements, including women's rights. To find more specific documents on women's suffrage, consider refining the search with terms like ""suffrage movement"" or ""19th Amendment.""",4134,,
2026-04-10T00:07:15.348468+00:00,can you tell me about fire incidents that happened in boston,fire incidents in Boston,content_driven,,,Boston,fire incidents,vx027s11g|bn99hk22z|gh93q773f|fb49bk45c|cn69tf85p|zc781274x|hx124r973|f4758s076|x633nc72v|s178bz68v,"The retrieved documents provide several accounts of fire incidents in Boston. A significant fire in Boston's history is mentioned, with details about the streets affected and the real estate and personal losses incurred [5]. Another incident involved a fire in a warehouse on India Street, which caused a substantial property and stock loss [3]. Additionally, a minor fire occurred in a West End synagogue due to a candle left burning [7]. These documents offer insights into various fire incidents in Boston during the early 1900s.",33331,,
2026-04-10T00:08:22.722333+00:00,Women's suffrage documents,documents about women's suffrage,metadata_driven,,,,women's suffrage,h989vc543|1n79hc77s|2z111h596|7w62g349d|08612s53f|mp48vn17x|5712np373|4168b346w|mp48wd153|6t054371t,"The retrieved documents do not specifically address women's suffrage. While collections such as the Victoria Woodhull Martin Papers [1] and the Margaret Fuller Papers [6] may contain relevant materials due to their association with prominent women in history, the lack of detailed excerpts makes it difficult to confirm their relevance to the suffrage movement. To find more specific documents related to women's suffrage, consider refining the search with additional keywords or focusing on known suffrage leaders and events.",7610,,
2026-04-10T00:09:42.757848+00:00,Women's suffrage documents,documents about women's suffrage,metadata_driven,,,,women's suffrage,h989vc543|1n79hc77s|2z111h596|7w62g349d|08612s53f|mp48vn17x|5712np373|4168b346w|mp48wd153|6t054371t,"The retrieved documents do not directly address women's suffrage. While collections such as the Victoria Woodhull Martin Papers [1] and the Margaret Fuller Papers [6] might contain relevant materials due to their association with prominent figures in women's rights, the lack of specific excerpts makes it unclear if they include suffrage-related content. To find more precise information, consider refining the search to include specific terms like ""women's suffrage"" or ""19th Amendment.""",7872,,
2026-04-10T00:09:43.272971+00:00,how to make pizza,instructions for making pizza,content_driven,,,,cooking|recipes,1j92pg604|p554fw737|sj13h8140|h989zb33n|qr46zc67z|8910s546m|vx027s11g|js95dt99f|f4758s076|xd07q4073,"The retrieved documents do not contain information on how to make pizza. They primarily consist of advertisements, personal notices, and unrelated content from the early 1900s issues of The Boston Traveler [1][2][3][4][5][6][7][8][9][10]. To find relevant materials, consider refining the search terms or exploring other resources that specifically focus on cooking or recipes.",8154,,
2026-04-10T00:10:22.808455+00:00,how to make pizza,pizza making instructions,content_driven,,,,cooking|recipes,gh93q773f|p554fw737|1j92pg604|xd07q4073|np199j86t|sj13h8140|h989zb33n|qr46zc67z|js95dt99f|vx027s11g,"The retrieved documents do not contain any information relevant to making pizza. They primarily consist of advertisements, personal ads, and other unrelated content from early 1900s issues of The Boston Traveler [1][2][3][4][5][6][7][8][9][10]. You may want to refine your search with more specific terms related to pizza recipes or cooking instructions.",7193,,
2026-04-10T00:10:23.210479+00:00,what is the capital of france,capital of France,content_driven,,,France,capital cities,ww72jh90q|6h4474431|qr46zc67z|pk02kj35g|w663bd45w|4742hj86s|v4060j05n|0z70h4843|bg25fr99n|2b88xq06b,"The retrieved documents do not directly address the query about the capital of France. While some documents mention Paris in the context of events such as the Paris Exposition of 1900 [1][10], they do not explicitly state that Paris is the capital of France. For a more precise answer, it may be helpful to refine the search to focus specifically on information about French geography or capitals.",7383,,
2026-04-10T00:27:56.674390+00:00,Who was Mayor Fitzgerald and what did he do in Boston in 1900?,Mayor Fitzgerald activities in Boston 1900,content_driven,1900,1900,Boston,Mayor Fitzgerald,bk12gm710|1n79qd258|qr46zc67z|ww72jh90q|vx027s11g|zs264h88h|8p58wp00w|jh34b3119|q524s033b|dn4048438|bv73k7865|9p296j76t|b277b381q|6q188w44p|2n501d091,"The retrieved documents do not provide information about Mayor Fitzgerald or his activities in Boston in 1900. The excerpts primarily contain advertisements, probate notices, and other unrelated content from the Boston Traveler newspaper [1][2][3][4][5][6][7][8][9][10][11][12][13][14][15]. To find relevant information about Mayor Fitzgerald, it may be helpful to refine the search to include his full name, specific titles, or known events associated with him during that time period.",16877,,
2026-04-10T00:29:07.703384+00:00,Who were the key political figures in Boston in 1900?,key political figures in Boston in 1900,content_driven,1900,1900,Boston,political figures,jq08ct38w|ww72jh90q|1257j347x|cn69tf29b|vx027s11g|jh34b3119|vt156t44c|3f468f11t|g158js957|4f16kc030|1n79qd258|1r66rb04z|05748078w|0p09dh26x|1c18mm12m,"The retrieved documents do not provide specific information about key political figures in Boston in 1900. The excerpts primarily include advertisements, announcements, and general news items without mentioning political leaders or figures relevant to the query. To find information on political figures from that time, consider refining the search to include terms like ""Boston mayor,"" ""Massachusetts governor,"" or specific political events or offices from the year 1900.",3634,,
2026-04-10T00:29:08.138536+00:00,Who was Mayor Fitzgerald and what did he do in Boston in 1900?,Mayor Fitzgerald activities in Boston 1900,content_driven,1900,1900,Boston,Mayor Fitzgerald,bk12gm710|1n79qd258|qr46zc67z|ww72jh90q|vx027s11g|zs264h88h|8p58wp00w|jh34b3119|q524s033b|dn4048438|bv73k7865|9p296j76t|b277b381q|6q188w44p|2n501d091,"The retrieved documents do not provide information about Mayor Fitzgerald or his activities in Boston in 1900. The excerpts primarily contain advertisements, probate notices, and other unrelated content from the Boston Traveler newspaper [1][2][3][4][5][6][7][8][9][10][11][12][13][14][15]. To find relevant information about Mayor Fitzgerald, consider refining the search to include his full name, specific titles, or known events associated with him during that time.",4297,,
2026-04-10T03:37:03.734101+00:00,Women's suffrage documents,documents about women's suffrage,metadata_driven,,,,women's suffrage,4168b346w|h989vc543|1n79hc77s|mp48vn17x|2z111h596|mp48wd153|08612s53f|6t054371t|tq57nz26z|xd07hd55c,"The retrieved documents do not specifically address women's suffrage. While collections such as the Victoria Woodhull Martin Papers [2] might potentially contain relevant materials due to Woodhull's involvement in women's rights, the lack of detailed excerpts makes it unclear. To find more specific documents on women's suffrage, consider refining the search to include terms like ""suffrage movement,"" ""19th Amendment,"" or specific figures involved in the suffrage movement.",26486,,
2026-04-10T03:37:33.314546+00:00,Women's suffrage documents,documents about women's suffrage,metadata_driven,,,,women's suffrage,4168b346w|h989vc543|1n79hc77s|mp48vn17x|2z111h596|mp48wd153|08612s53f|6t054371t|tq57nz26z|xd07hd55c,"The retrieved documents do not specifically address women's suffrage. While the Victoria Woodhull Martin Papers [2] might potentially include relevant materials, as Woodhull was a notable figure in the women's suffrage movement, the collection-level record does not provide specific details. To find more targeted information, consider refining the search to include specific suffrage leaders, events, or organizations related to Massachusetts.",6292,,
2026-04-10T03:37:35.478147+00:00,fire incidents in boston,fire incidents in Boston,content_driven,,,Boston,fire incidents,1j92ph571|9k425r21b|rv0495203|st74m2627|5x221t026|bn99hk22z|2v2433095|5712tg14d|98813266v|cn69tf85p,"Several documents from the Boston Traveler provide information on fire incidents in Boston. A notable event is described in a May 1903 article, which reports on a ""reign of fire"" that struck the city, involving seven alarms in two hours and a significant blaze on Purchase Street [3]. Another document from May 1902 details a fire alarm from Box 26 in Cambridge, caused by an overturned lamp, highlighting the types of domestic incidents that could lead to fires during that period [5]. Additionally, a May 1902 article mentions a significant fire in Boston's history, listing streets affected by the fire and the associated real estate and personal losses [10]. These documents collectively provide insights into historical fire incidents and their impact on the city.",8219,,
2026-04-10T03:39:57.991498+00:00,fire incidents in bosoton,fire incidents in Boston,content_driven,,,Boston,fire incidents,1j92ph571|9k425r21b|rv0495203|st74m2627|5x221t026|bn99hk22z|2v2433095|5712tg14d|98813266v|cn69tf85p,"The search results include several references to fire incidents in Boston. A notable event is described in a 1903 article from The Boston Traveler, which reports on a ""reign of fire"" that involved seven alarms in two hours, keeping firefighters extremely busy [3]. Another document from 1902 mentions a fire alarm triggered by an overturned lamp in a house on School Street, highlighting a specific incident of a residential fire [5]. Additionally, a 1902 article provides a table showing the streets affected by a significant fire in Boston's history, detailing the real estate and personal losses incurred [10]. These documents provide insights into historical fire incidents in Boston and their impact on the community.",6802,,
2026-04-10T03:42:19.595400+00:00,fire incidents in boston,fire incidents in Boston,content_driven,,,Boston,fire incidents,1j92ph571|9k425r21b|rv0495203|st74m2627|5x221t026|bn99hk22z|2v2433095|5712tg14d|98813266v|cn69tf85p,"The search retrieved several documents related to fire incidents in Boston. Notably, a significant fire event is mentioned in a 1903 article from The Boston Traveler, which describes a ""reign of fire"" with seven alarms in two hours, keeping firefighters extremely busy [3]. Another document from 1902 details a fire alarm from Box 26 in Cambridge, caused by an overturned lamp, highlighting a specific incident involving property damage [5]. Additionally, a 1902 article provides a table of streets affected by a major fire in Boston, listing the real estate and personal losses incurred [10]. These documents provide insights into historical fire incidents and their impact on the city.",6639,,
2026-04-10T03:42:49.408441+00:00,fire incidents in boston,fire incidents in Boston,content_driven,,,Boston,fire incidents,1j92ph571|9k425r21b|rv0495203|st74m2627|5x221t026|bn99hk22z|2v2433095|5712tg14d|98813266v|cn69tf85p,"The search retrieved several documents related to fire incidents in Boston. Notably, a report from May 27, 1903, describes a ""reign of fire"" in the city, with seven alarms in two hours keeping firefighters busy, including a significant blaze on Purchase Street [3]. Additionally, an incident on May 23, 1902, involved a fire caused by an overturned lamp in a house on School Street, Cambridge, which required a fire alarm response [5]. These documents provide insights into historical fire incidents and the challenges faced by firefighters in Boston during the early 1900s.",6197,,
2026-04-10T03:42:58.758869+00:00,Women's suffrage documents,documents about women's suffrage,metadata_driven,,,,women's suffrage,4168b346w|h989vc543|1n79hc77s|mp48vn17x|2z111h596|mp48wd153|08612s53f|6t054371t|tq57nz26z|xd07hd55c,"The retrieved documents do not specifically address women's suffrage. While the Victoria Woodhull Martin Papers [2] might potentially contain relevant information, as Woodhull was a notable figure in the women's suffrage movement, the collection-level record does not provide specific details. To find more targeted materials, consider refining the search with specific terms like ""women's suffrage movement,"" ""19th Amendment,"" or names of key suffrage leaders.",6296,,
2026-04-10T03:45:58.283331+00:00,Women's suffrage documents,documents about women's suffrage,metadata_driven,,,,women's suffrage,4168b346w|h989vc543|1n79hc77s|mp48vn17x|2z111h596|mp48wd153|08612s53f|6t054371t|tq57nz26z|xd07hd55c,"The retrieved documents do not directly address women's suffrage. While the Victoria Woodhull Martin Papers [2] might contain relevant materials, as Woodhull was a notable suffragist, the collection-level record does not provide specific details. To find more pertinent documents, consider refining the search to include specific suffrage-related terms or figures.",6754,,
2026-04-10T03:48:45.298417+00:00,Women's suffrage documents,documents about women's suffrage,metadata_driven,,,,women's suffrage,4168b346w|h989vc543|1n79hc77s|mp48vn17x|2z111h596|mp48wd153|08612s53f|6t054371t|tq57nz26z|xd07hd55c,"The retrieved documents do not specifically address women's suffrage. While collections such as the Victoria Woodhull Martin Papers [2] and the Margaret Fuller Papers [4] may contain relevant materials due to their association with prominent women in history, the lack of detailed excerpts makes it difficult to confirm their relevance to the suffrage movement. To find more specific documents on women's suffrage, consider refining the search with additional keywords or focusing on collections explicitly related to suffrage activities and figures.",7147,,
2026-04-10T03:49:42.185636+00:00,What happened in Boston in 1900?,events in Boston in 1900,content_driven,1900,1900,Boston,events,dv146273r|rf565k061|ht253v28f|1z40t3161|vt156t55w|k069gj42p|q524s033b|jh34b3119|n0103b45p|66834c75w,"The retrieved documents from the Boston Traveler in 1900 primarily contain legal notices, advertisements, and business opportunities, but they do not provide specific historical events or significant occurrences in Boston during that year. For example, there are probate court notices [2], death notices [4], and advertisements for business sales and opportunities [10]. These documents do not offer a comprehensive view of major events in Boston in 1900. To find more relevant historical events, it may be helpful to refine the search to include specific topics or events of interest from that year.",4485,,
2026-04-10T03:50:21.187648+00:00,What happened in Boston in 1900?,events in Boston in 1900,content_driven,1900,1900,Boston,events,dv146273r|rf565k061|ht253v28f|1z40t3161|vt156t55w|k069gj42p|q524s033b|jh34b3119|n0103b45p|66834c75w,"The retrieved documents from the Boston Traveler in 1900 primarily contain advertisements, legal notices, and business announcements, but they do not provide specific information about significant events in Boston during that year. For example, there are legal notices regarding probate court appearances [2], advertisements for clothing and picture frames [3], and notices about intoxicating liquor licenses [6]. Additionally, there are mentions of business opportunities and auctions [8][10]. These documents do not offer a comprehensive overview of notable historical events in Boston in 1900. You may want to refine your search to focus on specific events or topics of interest from that year.",4098,,
2026-04-10T03:50:33.493945+00:00,Women's suffrage documents,documents about women's suffrage,metadata_driven,,,,women's suffrage,4168b346w|h989vc543|1n79hc77s|mp48vn17x|2z111h596|mp48wd153|08612s53f|6t054371t|tq57nz26z|xd07hd55c,"The retrieved documents do not directly address women's suffrage. While collections such as the Victoria Woodhull Martin Papers [2] and the Margaret Fuller Papers [4] may contain relevant materials due to their association with prominent women in history, the lack of specific excerpts makes it difficult to confirm their relevance to the suffrage movement. To find more targeted information, consider refining the search with specific terms related to women's suffrage, such as ""19th Amendment"" or ""suffrage movement leaders.""",8243,,
2026-04-10T03:52:06.347203+00:00,Women's suffrage documents,documents about women's suffrage,metadata_driven,,,,women's suffrage,4168b346w|h989vc543|1n79hc77s|mp48vn17x|2z111h596|mp48wd153|08612s53f|6t054371t|tq57nz26z|xd07hd55c,"The retrieved documents do not specifically address women's suffrage. While the Victoria Woodhull Martin Papers [2] might potentially contain relevant materials, as Woodhull was a notable figure in the women's suffrage movement, the collection-level record does not provide specific details. To find more targeted information, consider refining the search to include specific terms related to women's suffrage, such as key figures, events, or organizations involved in the movement.",6348,,
2026-04-10T03:59:35.184445+00:00,Women's suffrage documents,documents about women's suffrage,metadata_driven,,,,women's suffrage,4168b346w|h989vc543|1n79hc77s|mp48vn17x|2z111h596|mp48wd153|08612s53f|6t054371t|tq57nz26z|xd07hd55c,"The retrieved documents do not specifically address women's suffrage. While the collection includes various historical papers and collections, such as the Victoria Woodhull Martin Papers [2] and the Margaret Fuller Papers [4], there are no specific excerpts or details provided that confirm their relevance to the women's suffrage movement. To find more targeted materials, consider refining the search with specific terms related to suffrage leaders, events, or organizations.",23653,,
2026-04-10T04:00:03.460085+00:00,Women's suffrage documents,documents about women's suffrage,metadata_driven,,,,women's suffrage,4168b346w|h989vc543|1n79hc77s|mp48vn17x|2z111h596|mp48wd153|08612s53f|6t054371t|tq57nz26z|xd07hd55c,"The retrieved documents do not directly address women's suffrage. While collections such as the Victoria Woodhull Martin Papers [2] might potentially contain relevant materials, the lack of specific excerpts or details makes it difficult to confirm their relevance to the topic of women's suffrage. To find more pertinent documents, consider refining the search with specific terms related to suffrage leaders, events, or organizations.",7408,,
2026-04-10T04:00:12.000238+00:00,What happened in Boston in 1900?,events in Boston in 1900,content_driven,1900,1900,Boston,events,dv146273r|rf565k061|ht253v28f|1z40t3161|vt156t55w|k069gj42p|jh34b3119|q524s033b|n0103b45p|66834c75w,"The retrieved documents from 1900 primarily consist of legal notices, advertisements, and business announcements from the Boston Traveler newspaper, but they do not provide specific information about significant events in Boston during that year. For example, there are probate court notices [2], advertisements for goods and services [3], and announcements of business opportunities [5]. While these documents offer a glimpse into the daily life and commercial activities in Boston at the time, they do not highlight any major historical events. To find more detailed information about significant occurrences in Boston in 1900, it may be helpful to refine the search to include specific events or topics of interest.",5416,,
2026-04-10T04:02:18.575036+00:00,What happened in Boston in 1900?,events in Boston in 1900,content_driven,1900,1900,Boston,events,dv146273r|rf565k061|ht253v28f|1z40t3161|vt156t55w|k069gj42p|jh34b3119|q524s033b|n0103b45p|66834c75w,"The retrieved documents from the Boston Traveler in 1900 primarily contain advertisements, legal notices, and business announcements, but they do not provide specific historical events or significant occurrences in Boston during that year. For instance, there are legal notices regarding probate court appearances [2], advertisements for clothing and picture frames [3], and notices about business opportunities and auctions [5][7][10]. These documents do not offer detailed insights into major events or developments in Boston in 1900. To find more relevant historical information, you might consider refining the search to focus on specific events or topics of interest from that year.",3982,,
2026-04-10T04:02:31.866784+00:00,Women's suffrage documents,documents about women's suffrage,metadata_driven,,,,women's suffrage,4168b346w|h989vc543|1n79hc77s|mp48vn17x|2z111h596|mp48wd153|08612s53f|6t054371t|tq57nz26z|xd07hd55c,"The retrieved documents do not specifically address women's suffrage. While the Victoria Woodhull Martin Papers [2] might potentially contain relevant materials, as Woodhull was a notable figure in the women's suffrage movement, the collection-level record does not provide specific details. To find more targeted information, consider refining the search to include specific terms related to women's suffrage, such as ""19th Amendment"" or ""suffragists in Massachusetts.""",7740,,
2026-04-10T04:04:12.235674+00:00,What happened in Boston in 1900?,events in Boston in 1900,content_driven,1900,1900,Boston,events,dv146273r|rf565k061|ht253v28f|1z40t3161|vt156t55w|k069gj42p|jh34b3119|q524s033b|n0103b45p|66834c75w,"The retrieved documents from the Boston Traveler in 1900 primarily contain advertisements, legal notices, and business announcements, rather than detailed accounts of significant events in Boston during that year. For instance, there are notices about probate court appearances [2], advertisements for clothing and picture frames [3], and business opportunities [7]. Additionally, there are mentions of liquor license transfers [6] and auctions [10]. These documents do not provide a comprehensive overview of major historical events in Boston in 1900. You might consider refining your search to focus on specific events or topics of interest from that year.",3766,,
2026-04-10T04:04:45.220739+00:00,What happened in Boston in 1900?,events in Boston in 1900,content_driven,1900,1900,Boston,events,dv146273r|rf565k061|ht253v28f|1z40t3161|vt156t55w|k069gj42p|jh34b3119|q524s033b|n0103b45p|66834c75w,"The retrieved documents from the Boston Traveler in 1900 primarily contain advertisements, legal notices, and business announcements, which do not provide specific historical events or significant occurrences in Boston during that year. For example, there are notices about probate court appearances [2], advertisements for clothing and picture frames [3], and announcements about business opportunities and auctions [5][7][10]. These documents do not offer detailed insights into major events or developments in Boston in 1900. To find more relevant information, you might consider refining your search to focus on specific events or topics of interest from that year.",3493,,
2026-04-10T04:05:26.001704+00:00,What happened in Boston in 1900?,events in Boston in 1900,content_driven,1900,1900,Boston,events,dv146273r|rf565k061|ht253v28f|1z40t3161|vt156t55w|k069gj42p|jh34b3119|q524s033b|n0103b45p|66834c75w,"The retrieved documents from the Boston Traveler in 1900 primarily contain legal notices, advertisements, and business announcements, but they do not provide specific information about significant events in Boston during that year. For example, there are probate court citations [2], notices about business opportunities and auctions [5][7][10], and advertisements for goods and services [3][6]. While these documents offer a glimpse into the daily life and commercial activities in Boston at the time, they do not highlight any major historical events. To find more detailed information about significant occurrences in Boston in 1900, it may be helpful to refine the search to include specific events or topics of interest.",4186,,
2026-04-10T04:06:44.823620+00:00,What happened in Boston in 1900?,events in Boston in 1900,content_driven,1900,1900,Boston,events,dv146273r|rf565k061|ht253v28f|1z40t3161|vt156t55w|k069gj42p|jh34b3119|q524s033b|n0103b45p|66834c75w,"The retrieved documents from the Boston Traveler in 1900 primarily contain legal notices, advertisements, and business announcements, but they do not provide specific information about significant events that occurred in Boston during that year. For example, there are probate court citations [2], advertisements for clothing and services [3], and notices about business opportunities and auctions [5][10]. These documents do not offer a comprehensive overview of notable historical events in Boston in 1900. To find more relevant information, it may be helpful to refine the search to focus on specific events or topics of interest from that year.",3697,,
2026-04-10T04:06:55.373416+00:00,Women's suffrage documents,documents about women's suffrage,metadata_driven,,,,women's suffrage,4168b346w|h989vc543|1n79hc77s|mp48vn17x|2z111h596|mp48wd153|08612s53f|6t054371t|tq57nz26z|xd07hd55c,"The retrieved documents do not specifically address women's suffrage. While the Victoria Woodhull Martin Papers [2] might potentially contain relevant materials, as Woodhull was a notable figure in the women's suffrage movement, the collection-level record does not provide specific details. To find more targeted information on women's suffrage, consider refining the search to include specific events, figures, or organizations related to the movement.",7410,,
2026-04-10T13:16:41.589081+00:00,old maps of boston,historical maps of Boston,metadata_driven,,,Boston,historical maps,cj82m233n|cj82m1899|9s161h09k|rn305d559|1257b968w|cj82m169t|2f760c632|q524n627r|x059cc38s|9s161h01c,"The search retrieved several historical maps of Boston, which are relevant to your interest in old maps of the city. These include a map from 1814, providing one of the earliest depictions of Boston in the collection [9], and maps from the late 19th century, such as those from 1868 and 1871, which reflect the city's layout during that period [6][2][10]. Additionally, maps from the early 20th century, like those from 1913 and 1917, offer insights into the city's development over time [1][5]. These maps are part of the Boston Public Library's collection and provide a valuable resource for understanding Boston's historical geography.",14431,,
2026-04-10T13:17:52.971052+00:00,old maps of boston,historical maps of Boston,metadata_driven,,,Boston,historical maps,cj82m233n|cj82m1899|9s161h09k|rn305d559|1257b968w|cj82m169t|2f760c632|q524n627r|x059cc38s|9s161h01c,"Several historical maps of Boston are available, spanning from the early 19th to the mid-20th century. Notable examples include a map from 1814, which provides an early depiction of the city [9], and a series of maps from the late 19th century, such as those from 1868 and 1871, which reflect Boston's development during that period [2][3][6][10]. Additionally, maps from the early 20th century, including those from 1913 and 1917, offer insights into the city's historical layout and key areas [1][5]. These maps are valuable resources for understanding the historical geography and urban evolution of Boston.",8764,,
2026-04-10T13:17:53.325870+00:00,old watercolor paintings,watercolor paintings,metadata_driven,,,,art|watercolor paintings,g732dz48k|n2971j99t|dn401h69b|sn00dn488|ft849045c|gf06kn21t|3r076s93c|kh04n1892|kh04n187h|6m3158992,"The search retrieved several records related to watercolor paintings, though detailed information is limited due to the lack of text excerpts. An exhibition of watercolor paintings by Alice Macallan Swan from 1894 is noted, which may be of interest for historical watercolor art [1]. Additionally, a 1974 art exhibit in Portland, Maine, included watercolors, suggesting a broader context for watercolor art in exhibitions [2]. These documents provide a starting point for exploring historical watercolor paintings, though further refinement of the search may yield more specific results.",8888,,
2026-04-10T13:19:05.694223+00:00,what was said about the world war,World War discussions and reports,content_driven,,,,World War,k643j9216|jd4795698|z8910521c|rj436g76z|1j92ph571|qb98tp39x|hh641499c|k643j932q|d504zx231|m900w528f,"The retrieved documents do not contain relevant information about World War I or World War II. They primarily consist of unrelated news items and advertisements from the early 1900s, such as local events, weather reports, and other non-war-related topics [1][2][3][4][5][6][7][8][9][10]. To find information specifically about the world wars, it would be helpful to refine the search to include specific dates or events related to those conflicts.",7673,,
2026-04-10T13:19:06.234223+00:00,old watercolor paintings,watercolor paintings,metadata_driven,,,,art|watercolor paintings,g732dz48k|n2971j99t|dn401h69b|sn00dn488|ft849045c|gf06kn21t|3r076s93c|kh04n1892|kh04n187h|6m3158992,"The search retrieved several documents related to watercolor paintings, though specific details about the artworks are limited due to the lack of text excerpts. An exhibition of watercolor paintings by Alice Macallan Swan from 1894 is noted, which may be of interest for historical watercolor art [1]. Additionally, a 1974 art exhibit in Portland, Maine, included watercolors, suggesting a broader context for watercolor painting exhibitions [2]. These documents provide some insight into historical watercolor art, but further refinement of the search may yield more detailed information.",8421,,
2026-04-11T20:43:09.170294+00:00,major historical events in boston in 1920s,major historical events in Boston in the 1920s,content_driven,1920,1929,Boston,historical events,w950cc227|1v53sc903|xs55tr436|qz211549n|ng457x749|h702xq73s|tq57w5033|k643jd312|qr46zh08m|4m90n8830,"The retrieved documents do not provide specific information about major historical events in Boston during the 1920s. Instead, they contain various unrelated excerpts from the Boston Traveler newspaper in 1920, such as real estate auctions [1][3], company events [2], legal notices [4][8], and advertisements [5][6]. To find information on major historical events in Boston during the 1920s, it may be helpful to refine the search to include specific events or broader historical topics from that decade.",128741,,
2026-04-11T20:43:44.183721+00:00,major historical events in boston in 1920s,major historical events in Boston during the 1920s,content_driven,1920,1929,Boston,historical events,9p296p077|zk522w19c|m039sj00f|3t94d373f|5999vk276|jm21c371m|w663bj036|rn307f24v|qz211549n|8s45xr269,"The retrieved documents do not provide specific information about major historical events in Boston during the 1920s. Instead, they contain various unrelated excerpts from The Boston Traveler newspaper in 1920, such as advertisements, public notices, and local news items [1][2][3][4][5][6][7][8][9][10]. To find information on significant historical events in Boston during the 1920s, it may be helpful to refine the search to include specific events or broader historical overviews from that decade.",11571,,
2026-04-11T20:43:44.504476+00:00,fire incidents in boston in 1920s,fire incidents in Boston during the 1920s,content_driven,1920,1929,Boston,fire incidents,p267f600w|zs264n227|qr46zh08m|jm21c371m|dn404c54d|qb98ts27r|4q77p5186|ht253z33x|4x51r125h|9p296p077,"The search did not retrieve specific information about fire incidents in Boston during the 1920s. The documents primarily contain unrelated content, such as legal notices, advertisements, and news about other events [1][2][3][4][5][6][7][8][9]. However, there is a brief mention of a fire incident in South Boston on January 26, 1920, where a fire caused damage to a home due to a defective chimney [10]. To find more comprehensive information on fire incidents in Boston during the 1920s, consider refining the search terms or exploring other archival sources.",11675,,
2026-04-11T20:44:15.080203+00:00,fire incidents in boston in 1920s,fire incidents in Boston during the 1920s,content_driven,1920,1929,Boston,fire incidents,2227v1279|dn404c54d|qr46zh08m|zs264n227|qz211549n|dn404c41b|4q77p528f|p841h041m|p267f600w|zs264n120,"The retrieved documents do not contain information about fire incidents in Boston during the 1920s. They primarily include unrelated topics such as legal notices, financial information, and other news unrelated to fires [1][2][3][4][5][6][7][8][9][10]. To find relevant information, you might consider refining your search terms or exploring specific archives that focus on historical fire incidents in Boston.",16834,,
2026-04-11T21:01:07.228904+00:00,fire incidents in boston,fire incidents in Boston,content_driven,,,Boston,fire incidents,8p58wr89q|n8715r80d|7366dg103|34855v237|jw82fs80c|ns06bj70s|tx31xv484|f7629w585|w3769m96r|h702xz61f,"The search retrieved several documents related to fire incidents in Boston. Notably, an article from April 28, 1911, describes a fire involving hot air explosions that produced thick smoke, leading to firemen being overcome upon entering the building [2]. Additionally, a document from January 6, 1934, provides a list of major Boston fires over the past 20 years, highlighting the Fenway Park fire as the largest incident in 1934 [10]. These documents offer insights into historical fire events in Boston, detailing specific incidents and their impacts.",406795,,
2026-04-11T21:04:05.425340+00:00,Women's suffrage documents,documents about women's suffrage,metadata_driven,,,,women's suffrage,7s75fx83t|nz806v068|nz8068908|5h73q6740|5h73q668v|5h73q672f|5h73q462s|5h73q416p|5h73q394v|5h73q658m,"The retrieved documents do not specifically address women's suffrage. While several items are related to women in general, such as photographs from 1917 [4][5][6][7][8][9][10], they do not provide information on the suffrage movement. Additionally, a visiting card from Maria Weston Chapman is related to antislavery movements and women abolitionists but not directly to suffrage [1]. To find documents specifically about women's suffrage, consider refining the search with more targeted keywords or checking collections focused on political movements or women's rights.",71426,,
2026-04-11T21:09:26.326800+00:00,fire incidents in boston,fire incidents in Boston,content_driven,,,Boston,fire incidents,jw82fs80c|h702xz61f|qv340770f|f7629w585|8623rc10m|n0103d37d|n5845679n|k643jc812|qr46zh17k|3x81f974t,"The search retrieved several documents related to fire incidents in Boston. Notably, a 1934 article from The Boston Traveler lists significant fires in Boston over the past 20 years, highlighting the Fenway Park fire as the largest of that year [2]. Another document from 1921 reports on a suspicious fire that destroyed a 24-story wooden frame dwelling in West Roxbury, which was under investigation by the police [9]. Additionally, a 1927 report discusses a survey by the national board of fire underwriters, which criticized the handling of incendiarism in Boston [5]. These documents provide insights into historical fire incidents and responses in Boston.",92999,,
2026-04-11T21:09:27.955300+00:00,Women's suffrage documents,documents about women's suffrage,metadata_driven,,,,women's suffrage,7s75fx83t|nz806v068|nz8068908|5h73q6740|5h73q668v|5h73q672f|5h73q462s|5h73q416p|5h73q394v|5h73q658m,"The retrieved documents do not specifically address women's suffrage. While several documents from 1917 focus on women [4][5][6][7][8][9][10], they lack specific context or text excerpts related to the suffrage movement. Additionally, a document from 1832 involves Maria Weston Chapman, a notable abolitionist, but it does not directly pertain to women's suffrage [1]. To find more relevant materials, consider refining the search with terms like ""women's suffrage movement,"" ""19th amendment,"" or specific suffragists' names.",94855,,
2026-04-11T21:12:11.752635+00:00,big fire incidents in boston,major fire incidents in Boston,content_driven,,,Boston,fire incidents|disasters,h702xz61f|jw82fs80c|j0995t14w|f7629w585|k643jc812|cr56vd59q|dz017f73w|wh24f9721|2r372c730|v4060k62g,"The search yielded information on significant fire incidents in Boston, particularly highlighting a list of major fires over the past 20 years as of 1934, with the Fenway Park fire being the largest that year [1]. This document provides a historical perspective on notable fires in the city, which is relevant to understanding the impact and frequency of such events in Boston's history. Other documents retrieved did not specifically address big fire incidents in Boston and are not relevant to the query. For more detailed information, refining the search to focus on specific fire events or time periods might be helpful.",41635,,
2026-04-11T21:12:12.157020+00:00,fire incidents in boston,fire incidents in Boston,content_driven,,,Boston,fire incidents,jw82fs80c|h702xz61f|qv340770f|f7629w585|8623rc10m|n0103d37d|n5845679n|k643jc812|qr46zh17k|3x81f974t,"The search yielded several documents related to fire incidents in Boston. A notable fire at Fenway Park in 1934 is highlighted as one of the largest fires in the city during that year, with a list of significant Boston fires over the past 20 years provided [2]. Additionally, a suspicious fire in West Roxbury in 1921 destroyed a 24-story wooden frame dwelling, prompting an investigation [9]. These documents provide insights into historical fire incidents and their impact on the city.",42246,,
2026-04-11T21:16:23.217161+00:00,big fire incidents in boston,major fire incidents in Boston,content_driven,,,Boston,fire incidents|disasters,h702xz61f|jw82fs80c|j0995t14w|f7629w585|k643jc812|cr56vd59q|dz017f73w|wh24f9721|2r372c730|v4060k62g,"The search retrieved information on significant fire incidents in Boston, particularly highlighting the Fenway Park fire as the largest in 1934 [1]. This document also provides a list of major Boston fires over the past 20 years, indicating a substantial total loss exceeding $14,000,000. However, other documents do not directly address specific fire incidents in Boston, focusing instead on unrelated topics or events outside the city [2][3][4][5][6][7][8][9][10]. For more comprehensive information, refining the search to focus on specific fire events or time periods might yield additional relevant results.",36403,,
2026-04-11T21:16:24.344724+00:00,Find photographs of Greece,photographs of Greece,metadata_driven,,,Greece,,sb399w87t|js959316t|5999qn749|db790245t|tb09ps505|tx31w652m|1544f8317|jq08b660h|j6733m63m|t435k0639,"The search retrieved several historical photographs related to Greece, primarily focusing on cultural and scenic elements. There are images depicting Greek individuals in traditional attire from Athens and Corfu, dating back to 1870, which highlight clothing and dress customs of the time [1][2][9][10]. Additionally, photographs from 1930 capture the harbor of Patras, showcasing maritime activity and harbor scenes [4][5][6]. There is also an image of the Areopagus in Athens, an important archaeological site, from 1870 [7]. These materials provide a visual insight into both the cultural attire and significant locations in Greece.",37056,,
2026-04-11T21:21:53.422608+00:00,Find photographs of Greece,photographs of Greece,metadata_driven,,,Greece,,sb399w87t|js959316t|5999qn749|db790245t|tb09ps505|tx31w652m|1544f8317|jq08b660h|j6733m63m|t435k0639,"The search retrieved several historical photographs related to Greece, primarily focusing on cultural and geographical aspects. Images from 1870 depict Greeks in traditional costumes in Athens and Corfu, highlighting clothing and dress [1][2][9][10]. Additionally, photographs from 1930 capture the harbor of Patras, showcasing maritime activities and ships [4][5][6]. There is also an image of the Areopagus in Athens, an important archaeological site, from 1870 [7]. These materials provide a visual insight into Greek culture and landscapes during the late 19th and early 20th centuries.",32240,,
2026-04-11T21:21:56.718141+00:00,major historical events in boston,major historical events in Boston,content_driven,,,Boston,historical events,w0898p76t|x346mm252|sj13hc521|4455gx08t|mp490h26w|js95f199v|xp68sk16d|f7629w585|sj13hc20r|dn404c54d,"The retrieved documents do not provide specific information about major historical events in Boston. They primarily consist of excerpts from issues of The Boston Traveler, which mention various topics such as social organizations, legal notices, and community events, but do not focus on significant historical events in the city [1][2][3][4][5][6][7][8][9][10]. To find relevant information, it may be helpful to refine the search with specific events or time periods in mind, such as the Boston Tea Party or the Great Boston Fire.",35332,,
2026-04-11T21:24:20.196292+00:00,major historical events in boston,major historical events in Boston,content_driven,,,Boston,historical events,w0898p76t|x346mm252|sj13hc521|4455gx08t|mp490h26w|js95f199v|xp68sk16d|f7629w585|sj13hc20r|dn404c54d,"The retrieved documents do not directly address major historical events in Boston. Instead, they contain various excerpts from the Boston Traveler newspaper, which mention local events, social organizations, and legal notices without specific reference to significant historical events in the city's history [1][2][3][4][5][6][7][8][9][10]. To find information on major historical events in Boston, it may be helpful to refine the search to include specific events or time periods, such as the Boston Tea Party, the Boston Massacre, or the 1919 Boston Molasses Disaster.",38881,,
2026-04-11T21:24:20.647879+00:00,can you tell me about the war,information about wars,content_driven,,,,war,98813452x|fb49bn51x|cn69tj27d|63963m258|t148p668r|66834g38c|95942860k|8910sh533|t435q667b|7653fn04v,"The retrieved documents provide some insights into wartime activities and sentiments during the early 20th century. For instance, in 1914, there were reports of military supplies being sought, possibly for a foreign country, indicating the global tensions leading up to World War I [2]. In 1917, there were discussions about the performance of military generals and the efforts of the war department to address public concerns, reflecting the challenges faced during World War I [4]. Additionally, in 1918, there are mentions of military engagements involving German forces, highlighting the ongoing conflicts of World War I [7]. These documents collectively offer a glimpse into the wartime atmosphere and military activities during that period.",39122,,
2026-04-13T16:34:23.291727+00:00,can you tell me about fire incidents that happened in boston,fire incidents in Boston,content_driven,,,Boston,fire incidents,jw82fs80c|h702xz61f|qv340770f|8623rc10m|f7629w585|n0103d37d|n5845679n|k643jc812|qr46zh17k|3x81f974t,"The retrieved documents provide information on several significant fire incidents in Boston. A notable fire occurred at Fenway Park in 1934, which was the largest fire in the city that year and part of a list of major Boston fires over the past 20 years, with total losses exceeding $14 million [2]. Additionally, a suspicious fire destroyed a 24-story wooden frame dwelling in West Roxbury in 1921, prompting a police investigation into its cause [9]. These documents highlight some of the major fire incidents in Boston's history.",210792,,
2026-04-13T16:46:35.355461+00:00,Women's suffrage documents,documents about women's suffrage,metadata_driven,,,,women's suffrage,7s75fx83t|nz806v068|nz8068908|5h73q6740|5h73q668v|5h73q672f|5h73q462s|5h73q416p|5h73q394v|5h73q658m,"The retrieved documents do not specifically address women's suffrage. They primarily focus on general topics related to women, such as the 1917 photographs simply titled ""Woman"" [4][5][6][7][8][9][10], and a 1943 legislative hearing involving Miss Hammond [2]. Additionally, there is a document related to Maria Weston Chapman, a notable abolitionist, but it does not directly pertain to suffrage [1]. To find more relevant materials, consider refining the search to include specific terms like ""women's suffrage movement"" or ""19th amendment.""",36959,,
